{
	"texture": "celestial:sky/overworld/objects/cloud_1.png",
	"display": {
		"scale": "20",
		"pos_x": "0",
		"pos_y": "0",
		"pos_z": "0",
		"distance": "-100"
	},
	"rotation": {
		"degrees_x": "0",
		"degrees_y": "0",
		"degrees_z": "(#skyAngle * 2) + 90"
	},
	"properties": {
		"is_solid": true,
		"alpha": "((#dayLight - 0.6)M0.11) * #rainGradient"
	},
	"populate": {
		"count": 5,
		"rotation": {
			"min_degrees_x": 0,
			"max_degrees_x": 0,
			"min_degrees_y": 0,
			"max_degrees_y": 0,
			"min_degrees_z": 0,
			"max_degrees_z": 360
		},
		"display": {
			"min_scale": 20,
			"max_scale": 30,
			"min_pos_x": 0,
			"max_pos_x": 0,
			"min_pos_y": 0,
			"max_pos_y": 0,
			"min_pos_z": -10,
			"max_pos_z": 50,
			"min_distance": -200,
			"max_distance": -100
		}
	}
}